﻿<?xml version="1.0"?>
<Lng xmlns:xsi="http://www.w3.org/2001/XMLSchema-instance" xmlns:xsd="http://www.w3.org/2001/XMLSchema">
  <Tabs>
    <Main>الرئيسية</Main>
    <Settings>الإعدادات</Settings>
    <Config>الضبط</Config>
    <Helpers>تحسينات</Helpers>
    <Utils>أدوات</Utils>
    <Backup>نسخ احتياطي</Backup>
    <FileManager>مدير الملفات</FileManager>
    <Oem>مكونات أصلية</Oem>
  </Tabs>
  <GroupBoxes>
    <Info>معلومات</Info>
    <Actions>النشاطات</Actions>
    <DiskSize>حجم القرص</DiskSize>
    <Services>المهام</Services>
    <GUID>الواجهة الرسومية</GUID>
    <CalculatedValues>حساب القيم</CalculatedValues>
    <Resolution>دقة الشاشة</Resolution>
    <Phone>الهاتف</Phone>
    <RAM>ذاكرة الوصول العشوائي</RAM>
    <CompressData>ضغط البيانات</CompressData>
    <Profiles>الملفات الشخصية</Profiles>
    <FactoryReset>إعدادت المصنع</FactoryReset>
    <FactoryResetWipe>إعادة تعيين كلي، تغيير حجم البيانات وحجم بطاقة ذاكرة</FactoryResetWipe>
    <CheckForUpdBST>.BSTweaker التحقق من وجود تحديثات</CheckForUpdBST>
    <Autocheck>تفقد التحديثات</Autocheck>
  </GroupBoxes>
  <Columns>
    <Name>الإسم</Name>
    <SLength>الحجم</SLength>
    <Attr>الصلاحيات</Attr>
    <Owner>المالك</Owner>
    <Group>المجموعة</Group>
    <ProfileActive>نشط</ProfileActive>
    <ProfileName>الإسم</ProfileName>
    <ProfileDataDir>مسار البيانات</ProfileDataDir>
  </Columns>
  <MenuItems>
    <CreateFolder>مجلد جديد</CreateFolder>
    <DeleteFolderFile>حذف ملف</DeleteFolderFile>
    <Rename>إعادة التسمية</Rename>
    <ChangeOwner>تغيير المالك</ChangeOwner>
    <ChangePermissions>تغيير الصلاحيات</ChangePermissions>
    <GoToFolder>فتح المجلد</GoToFolder>
    <System>النظام</System>
    <Data>البيانات</Data>
  </MenuItems>
  <Buttons>
    <Apply>تطبيق</Apply>
    <Read>قراءة</Read>
    <Change>تغيير</Change>
    <Refresh>تحديث</Refresh>
    <ProfileLoad>تحميل</ProfileLoad>
    <ProfileCreate>إنشاء</ProfileCreate>
    <ProfileDelete>حذف</ProfileDelete>
    <OpenFolder>فتح مجلد</OpenFolder>
    <Random>إختيار عشوائي</Random>
    <UpFC>السابق</UpFC>
    <CopyFC>نسخ</CopyFC>
    <RefreshFC>تحديث</RefreshFC>
    <ProgressCancel>إلغاء</ProgressCancel>
    <DialogCancel>إلغاء</DialogCancel>
    <GoTo>الوصول إلى</GoTo>
    <CheckUpd>تفقّد</CheckUpd>
    <BackupSave>حفظ</BackupSave>
    <BackupLoad>تحميل</BackupLoad>
    <Close>إغلاق</Close>
    <Unlock>فتح</Unlock>
    <Shell>Shell</Shell>
    <StartBS>تشغيل</StartBS>
    <StopBS>ايقاف</StopBS>
    <FullStopBS>ايقاف كلي</FullStopBS>
    <ForceKillBS>ايقاف اجباري</ForceKillBS>
    <WipeData>مسح البيانات</WipeData>
    <WipeSDCard>مسح بيانات بطاقة الذاكرة</WipeSDCard>
    <WipeDataResize>تغيير حجم البيانات</WipeDataResize>
    <WipeSDCardResize>تغيير حجم بيانات بطاقة الذاكرة</WipeSDCardResize>
    <HowTo>كيف يعمل؟</HowTo>
  </Buttons>
  <Labels>
    <StopBSForUse>BlueStacks يرجى إيقاف</StopBSForUse>
    <StartBSForUse>BlueStacks يرجى تشغيل</StartBSForUse>
    <GuestResolution>دقة المستخدم</GuestResolution>
    <RootForBlueStacks>تفعيل صلاحية الروت</RootForBlueStacks>
    <DisableWindowOfPurchase>تعطيل نافذة الشراء، الإعلان الكبير والإعداد لمرة واحدة</DisableWindowOfPurchase>
    <DPI>عدد النقاط في كل بوصة</DPI>
    <DialogName>الإسم</DialogName>
    <DialogOwner>المالك</DialogOwner>
    <DialogGroup>المجموعة</DialogGroup>
    <DialogOthers>الأخرى</DialogOthers>
    <DialogRead>قراءة</DialogRead>
    <DialogWrite>كتابة</DialogWrite>
    <DialogExecute>تشغيل</DialogExecute>
    <CopyRecommend>قيل البدء يوصى بأخد نسخة إحتياطية من ملف "Android"</CopyRecommend>
    <RemovePreinstalledShortcuts>حذف إختصارات التطبيقات من سطح المكتب</RemovePreinstalledShortcuts>
    <RemoveAppCenter>حذف تبويبات مركز الألعاب ومركز المساعدة</RemoveAppCenter>
    <DisableLogRotatorSvc>BstHdLogLotatorSvc تشغيل تلقائي</DisableLogRotatorSvc>
    <IsAddGoLiveButton>زر مشاهدة الفيديوهات</IsAddGoLiveButton>
    <IsAddChatButton>زر الدردشة (الشات)</IsAddChatButton>
    <IsOnlyStopButtonToBeAddedInContextMenuOFSysTray>إيقاف فقط من شريط المهام</IsOnlyStopButtonToBeAddedInContextMenuOFSysTray>
    <IsGamePadEnabled>GamePad ذراع التحكم</IsGamePadEnabled>
    <IsUseFrontendBanner>الشعار الأمامي (2.6 - 2.7)</IsUseFrontendBanner>
    <RestartBStoApllyChanges>BlueStacks لتطبيق التغييرات أعد تشغيل</RestartBStoApllyChanges>
    <RemoveGoogleSignin>تعطيل الدخول إلى حساب قوقل (غير مستحسن)</RemoveGoogleSignin>
    <Instance>الجلسة</Instance>
    <IsGiftPackEnabled>تبويب الهدايا</IsGiftPackEnabled>
    <IsFriendsEnabled>إضافة الأصدقاء</IsFriendsEnabled>
    <IsWallpaperChangeAllowed>إمكانية تغيير الخلفية</IsWallpaperChangeAllowed>
    <WallPaperTempHack>إمكانية تغيير الخلفية (حل مؤقت)</WallPaperTempHack>
    <DisableUpdater>تعطيل التحديث التلقائي</DisableUpdater>
    <NotSupport>هذا الإصدار {0} غير مدعوم!!!</NotSupport>
    <ManualCheck>التحقق اليدوي</ManualCheck>
    <Premium>الإشتراك المدفوع</Premium>
    <Promo>الإعلانات الترويجية</Promo>
    <Theme>المظهر والسمات</Theme>
    <LoginWithGoogle>تسجيل الدخول بواسطة حسابك على قوقل</LoginWithGoogle>
	<AppCenter>تبويبات مركز الألعاب ومركز المساعدة</AppCenter>
	<DeviceModel>Device Model</DeviceModel>
    <DeviceCountry>Country</DeviceCountry>
    <DeviceOperator>Operator</DeviceOperator>
  </Labels>
  <StaticStrings>
    <Version>الإصدار</Version>
    <ClientVersion>إصدار العميل</ClientVersion>
    <ProgramDir>مسار البرنامج</ProgramDir>
    <UserDataDir>مسار بيانات المستخدم</UserDataDir>
    <BSRunning>BlueStacks</BSRunning>
    <ADBConnected>ADB</ADBConnected>
    <TotalRam>مجموع ذاكرة الوصول العشوائي</TotalRam>
    <FreeSpace>المساحة المتاحة</FreeSpace>
    <AcceptDeleteFolder>هل أنت متأكد من رغبتك في حذف هذا المجلد؟</AcceptDeleteFolder>
    <AcceptDeleteFile>هل أنت متأكد من رغبتك في حذف هذا الملف؟</AcceptDeleteFile>
    <Before>قبل</Before>
    <After>بعد</After>
    <EnableProfile>تمكين</EnableProfile>
    <UpdateProfile>تحديث</UpdateProfile>
    <NewVersion>تم إيجاد إصدار جديد</NewVersion>
    <NoUpdate>لا يوجد أي إصدار جديد حاليا</NoUpdate>
    <RemoveInstances>حذف جميع الجلسات الإضافية!</RemoveInstances>
  </StaticStrings>
  <CheckBoxes>
    <EnableLog>تمكين السجل</EnableLog>
    <DialogIncudeSubfolders>تمكين على كل المجلدات الفرعية والملفات</DialogIncudeSubfolders>
    <DontSetExecuteChild>عدم التنفيد على ملفات الرقابة الأبوية</DontSetExecuteChild>
    <InstanceChild>الرقابة الأبوية</InstanceChild>
    <LockFactoryReset>قفل</LockFactoryReset>
  </CheckBoxes>
  <RadioButtons>
    <Every1Day>مرة واحدة في اليوم</Every1Day>
    <Every7Day>مرة واحدة في الأسبوع</Every7Day>
    <Every30Day>مرة واحدة في الشهر</Every30Day>
    <EveryDayOff>تعطيل التحديث</EveryDayOff>
  </RadioButtons>
</Lng>